ID,Pred
2021_1101_1104,0.2547144658626651
2021_1101_1111,0.8697953323671916
2021_1101_1116,0.3282018780257454
2021_1101_1124,0.22855053069268724
2021_1101_1140,0.05885327218253924
2021_1101_1155,0.64
2021_1101_1156,0.36
2021_1101_1159,0.3379744036575503
2021_1101_1160,0.07550125491155162
2021_1101_1163,0.6899158806259676
2021_1101_1166,0.64
2021_1101_1179,0.36
2021_1101_1180,0.7195175809572601
2021_1101_1186,0.36
2021_1101_1196,0.36
2021_1101_1199,0.36
2021_1101_1207,0.64
2021_1101_1210,0.64
2021_1101_1211,0.05
2021_1101_1213,0.36
2021_1101_1216,0.8442965714364382
2021_1101_1222,0.2494751490157323
2021_1101_1228,0.14323169100196542
2021_1101_1233,0.7205204864055101
2021_1101_1234,0.36
2021_1101_1242,0.2570800059517889
2021_1101_1251,0.64
2021_1101_1260,0.64
2021_1101_1261,0.36
2021_1101_1268,0.64
2021_1101_1276,0.15297873397322112
2021_1101_1277,0.64
2021_1101_1281,0.36
2021_1101_1287,0.36
2021_1101_1291,0.8682651798261314
2021_1101_1313,0.8292888064374061
2021_1101_1314,0.64
2021_1101_1317,0.7417253268729065
2021_1101_1325,0.64
2021_1101_1326,0.29614491152697986
2021_1101_1328,0.64
2021_1101_1329,0.36
2021_1101_1331,0.6678594384861144
2021_1101_1332,0.09090472229885567
2021_1101_1333,0.16448564328500004
2021_1101_1345,0.36
2021_1101_1353,0.36
2021_1101_1361,0.06123025719950871
2021_1101_1364,0.30342651374004065
2021_1101_1382,0.36
2021_1101_1393,0.64
2021_1101_1397,0.36
2021_1101_1400,0.08217343611346539
2021_1101_1403,0.06915386125316621
2021_1101_1411,0.8459939973909371
2021_1101_1417,0.08577959390197826
2021_1101_1422,0.64
2021_1101_1425,0.05
2021_1101_1429,0.36
2021_1101_1433,0.36
2021_1101_1437,0.64
2021_1101_1438,0.36
2021_1101_1439,0.64
2021_1101_1452,0.674393645619612
2021_1101_1455,0.36
2021_1101_1457,0.64
2021_1101_1458,0.64
2021_1104_1111,0.95
2021_1104_1116,0.64
2021_1104_1124,0.2750261428481681
2021_1104_1140,0.6664465895461192
2021_1104_1155,0.7003267853360514
2021_1104_1156,0.6539065129071291
2021_1104_1159,0.9304705080654191
2021_1104_1160,0.36
2021_1104_1163,0.6693598614208469
2021_1104_1166,0.36
2021_1104_1179,0.64
2021_1104_1180,0.95
2021_1104_1186,0.95
2021_1104_1196,0.7453539525402331
2021_1104_1199,0.36
2021_1104_1207,0.7579241829513413
2021_1104_1210,0.6979071995270498
2021_1104_1211,0.36
2021_1104_1213,0.95
2021_1104_1216,0.95
2021_1104_1222,0.36
2021_1104_1228,0.28354225744091144
2021_1104_1233,0.95
2021_1104_1234,0.64
2021_1104_1242,0.36
2021_1104_1251,0.9420283186089944
2021_1104_1260,0.64
2021_1104_1261,0.6752581942706188
2021_1104_1268,0.6825795916379611
2021_1104_1276,0.36
2021_1104_1277,0.7621271731743099
2021_1104_1281,0.7198140071560468
2021_1104_1287,0.6908701030524234
2021_1104_1291,0.95
2021_1104_1313,0.95
2021_1104_1314,0.7219232758117033
2021_1104_1317,0.7732253877942634
2021_1104_1325,0.751318704158309
2021_1104_1326,0.6441709099315385
2021_1104_1328,0.7621622110419495
2021_1104_1329,0.663077128373164
2021_1104_1331,0.95
2021_1104_1332,0.7089863134083321
2021_1104_1333,0.6682986544789654
2021_1104_1345,0.64
2021_1104_1353,0.36
2021_1104_1361,0.7165278538463324
2021_1104_1364,0.95
2021_1104_1382,0.36
2021_1104_1393,0.7255054116801275
2021_1104_1397,0.7251008157228702
2021_1104_1400,0.36
2021_1104_1403,0.7200786256486386
2021_1104_1411,0.95
2021_1104_1417,0.7068889811623581
2021_1104_1422,0.95
2021_1104_1425,0.36
2021_1104_1429,0.8871705652451871
2021_1104_1433,0.7829535778443114
2021_1104_1437,0.36
2021_1104_1438,0.64
2021_1104_1439,0.7392802773420226
2021_1104_1452,0.7558322727002531
2021_1104_1455,0.8296100944336285
2021_1104_1457,0.95
2021_1104_1458,0.6553115852960445
2021_1111_1116,0.05
2021_1111_1124,0.05
2021_1111_1140,0.05
2021_1111_1155,0.120938413039428
2021_1111_1156,0.1842078069545568
2021_1111_1159,0.18232984309543268
2021_1111_1160,0.05
2021_1111_1163,0.05
2021_1111_1166,0.05
2021_1111_1179,0.05
2021_1111_1180,0.3216158058212227
2021_1111_1186,0.36
2021_1111_1196,0.05
2021_1111_1199,0.05
2021_1111_1207,0.056517834984155184
2021_1111_1210,0.05
2021_1111_1211,0.05
2021_1111_1213,0.35810184371061377
2021_1111_1216,0.36
2021_1111_1222,0.05
2021_1111_1228,0.05
2021_1111_1233,0.36
2021_1111_1234,0.05
2021_1111_1242,0.05818046017593183
2021_1111_1251,0.24007569185457933
2021_1111_1260,0.05
2021_1111_1261,0.05
2021_1111_1268,0.05
2021_1111_1276,0.05
2021_1111_1277,0.28454380707841737
2021_1111_1281,0.16355355933711585
2021_1111_1287,0.1894907025135321
2021_1111_1291,0.36
2021_1111_1313,0.64
2021_1111_1314,0.19278729842063874
2021_1111_1317,0.13125299880856425
2021_1111_1325,0.1468221783782661
2021_1111_1326,0.05
2021_1111_1328,0.05
2021_1111_1329,0.05
2021_1111_1331,0.64
2021_1111_1332,0.05
2021_1111_1333,0.05
2021_1111_1345,0.05540483466613122
2021_1111_1353,0.05
2021_1111_1361,0.05
2021_1111_1364,0.19066859599201472
2021_1111_1382,0.05
2021_1111_1393,0.05
2021_1111_1397,0.06784310624589968
2021_1111_1400,0.05
2021_1111_1403,0.05
2021_1111_1411,0.7935981076584576
2021_1111_1417,0.051445681459240826
2021_1111_1422,0.1645941922026401
2021_1111_1425,0.05
2021_1111_1429,0.05
2021_1111_1433,0.05
2021_1111_1437,0.05
2021_1111_1438,0.05
2021_1111_1439,0.18273450217341905
2021_1111_1452,0.09349207549785458
2021_1111_1455,0.054121873896043796
2021_1111_1457,0.3400152370344558
2021_1111_1458,0.0681930439627201
2021_1116_1124,0.35930598679459735
2021_1116_1140,0.6839791160610533
2021_1116_1155,0.6405718713231426
2021_1116_1156,0.687904338136274
2021_1116_1159,0.64
2021_1116_1160,0.64
2021_1116_1163,0.64
2021_1116_1166,0.64
2021_1116_1179,0.64
2021_1116_1180,0.8520040377624707
2021_1116_1186,0.95
2021_1116_1196,0.6811526348761227
2021_1116_1199,0.36
2021_1116_1207,0.737198635593556
2021_1116_1210,0.36
2021_1116_1211,0.36
2021_1116_1213,0.95
2021_1116_1216,0.95
2021_1116_1222,0.36
2021_1116_1228,0.1938982952350241
2021_1116_1233,0.95
2021_1116_1234,0.36
2021_1116_1242,0.36
2021_1116_1251,0.7213397230812668
2021_1116_1260,0.64
2021_1116_1261,0.64
2021_1116_1268,0.7522610920980419
2021_1116_1276,0.18144185617709485
2021_1116_1277,0.6547244051214005
2021_1116_1281,0.6822977003926441
2021_1116_1287,0.64
2021_1116_1291,0.95
2021_1116_1313,0.95
2021_1116_1314,0.6415668041925428
2021_1116_1317,0.7402910141827442
2021_1116_1325,0.64
2021_1116_1326,0.64
2021_1116_1328,0.7678721568352138
2021_1116_1329,0.6411180942404752
2021_1116_1331,0.95
2021_1116_1332,0.64
2021_1116_1333,0.7893036296899527
2021_1116_1345,0.36
2021_1116_1353,0.64
2021_1116_1361,0.7042341246942323
2021_1116_1364,0.940430034118867
2021_1116_1382,0.64
2021_1116_1393,0.7288048268395129
2021_1116_1397,0.64
2021_1116_1400,0.36
2021_1116_1403,0.6526412876169926
2021_1116_1411,0.95
2021_1116_1417,0.7128427542801758
2021_1116_1422,0.8121582711302721
2021_1116_1425,0.36
2021_1116_1429,0.8836384040481273
2021_1116_1433,0.6767050861796932
2021_1116_1437,0.64
2021_1116_1438,0.64
2021_1116_1439,0.7439023098389821
2021_1116_1452,0.699630156437143
2021_1116_1455,0.8158687590625665
2021_1116_1457,0.36
2021_1116_1458,0.7309805284428955
2021_1124_1140,0.7940608809005788
2021_1124_1155,0.8445188752182103
2021_1124_1156,0.9018132788006209
2021_1124_1159,0.7926031006137387
2021_1124_1160,0.8018806314542157
2021_1124_1163,0.8248642391685411
2021_1124_1166,0.752522623894687
2021_1124_1179,0.7641275129327352
2021_1124_1180,0.95
2021_1124_1186,0.8664960623610093
2021_1124_1196,0.894786262097716
2021_1124_1199,0.7328898870444741
2021_1124_1207,0.9201315788710673
2021_1124_1210,0.8642846302000469
2021_1124_1211,0.64
2021_1124_1213,0.95
2021_1124_1216,0.9393729703694423
2021_1124_1222,0.64
2021_1124_1228,0.36
2021_1124_1233,0.95
2021_1124_1234,0.7349835339075473
2021_1124_1242,0.7472906068118638
2021_1124_1251,0.8860154234125887
2021_1124_1260,0.64
2021_1124_1261,0.7619059445801619
2021_1124_1268,0.8855900978607565
2021_1124_1276,0.36
2021_1124_1277,0.862443234774535
2021_1124_1281,0.8595298367793843
2021_1124_1287,0.8639242585484882
2021_1124_1291,0.9367035332927421
2021_1124_1313,0.95
2021_1124_1314,0.7392352815874917
2021_1124_1317,0.948456415896541
2021_1124_1325,0.9087883204889858
2021_1124_1326,0.6472652805927858
2021_1124_1328,0.9356231243702373
2021_1124_1329,0.8196251402495915
2021_1124_1331,0.9275884231054076
2021_1124_1332,0.8407376045652193
2021_1124_1333,0.8555045394750355
2021_1124_1345,0.7265846216445413
2021_1124_1353,0.9120677403728779
2021_1124_1361,0.8069540134708448
2021_1124_1364,0.95
2021_1124_1382,0.7950920465996777
2021_1124_1393,0.9296588129243962
2021_1124_1397,0.7433699983486457
2021_1124_1400,0.7625389165459154
2021_1124_1403,0.8256330672003106
2021_1124_1411,0.95
2021_1124_1417,0.8644828543675513
2021_1124_1422,0.9196670871103334
2021_1124_1425,0.7238662442122009
2021_1124_1429,0.8870709415950643
2021_1124_1433,0.9024196727452921
2021_1124_1437,0.7397335333007864
2021_1124_1438,0.7220689766814843
2021_1124_1439,0.9155886074475442
2021_1124_1452,0.7591507850914924
2021_1124_1455,0.8578877412049339
2021_1124_1457,0.6794979382236462
2021_1124_1458,0.7929586297596115
2021_1140_1155,0.64
2021_1140_1156,0.36
2021_1140_1159,0.36
2021_1140_1160,0.64
2021_1140_1163,0.7795152139959363
2021_1140_1166,0.6630845249823833
2021_1140_1179,0.36
2021_1140_1180,0.9091396783829164
2021_1140_1186,0.766670246269808
2021_1140_1196,0.7071441689551655
2021_1140_1199,0.64
2021_1140_1207,0.6895969105469392
2021_1140_1210,0.64
2021_1140_1211,0.1946996637103643
2021_1140_1213,0.9422686555208497
2021_1140_1216,0.9141974085776438
2021_1140_1222,0.36
2021_1140_1228,0.19866051903565865
2021_1140_1233,0.9374392417737334
2021_1140_1234,0.3576059655835046
2021_1140_1242,0.36
2021_1140_1251,0.6983003453794692
2021_1140_1260,0.36
2021_1140_1261,0.64
2021_1140_1268,0.7128298447249078
2021_1140_1276,0.22842023257038577
2021_1140_1277,0.7259147751147328
2021_1140_1281,0.64
2021_1140_1287,0.27589248504257025
2021_1140_1291,0.9210045811504062
2021_1140_1313,0.95
2021_1140_1314,0.64
2021_1140_1317,0.8099913625749802
2021_1140_1325,0.7353721209867804
2021_1140_1326,0.760389766287841
2021_1140_1328,0.6983039377704954
2021_1140_1329,0.64
2021_1140_1331,0.7212272014410739
2021_1140_1332,0.64
2021_1140_1333,0.7457891196003537
2021_1140_1345,0.36
2021_1140_1353,0.64
2021_1140_1361,0.36
2021_1140_1364,0.915588554115096
2021_1140_1382,0.36
2021_1140_1393,0.7592782152796458
2021_1140_1397,0.36
2021_1140_1400,0.36
2021_1140_1403,0.787536302880003
2021_1140_1411,0.867439941908384
2021_1140_1417,0.6437935122757121
2021_1140_1422,0.8749151069595343
2021_1140_1425,0.36
2021_1140_1429,0.681323892954645
2021_1140_1433,0.6626467669024219
2021_1140_1437,0.64
2021_1140_1438,0.64
2021_1140_1439,0.6674786232913761
2021_1140_1452,0.64
2021_1140_1455,0.7079186080281448
2021_1140_1457,0.6942442498950583
2021_1140_1458,0.8169896837315502
2021_1155_1156,0.64
2021_1155_1159,0.8487254024452255
2021_1155_1160,0.36
2021_1155_1163,0.64
2021_1155_1166,0.36
2021_1155_1179,0.64
2021_1155_1180,0.9495653594799686
2021_1155_1186,0.9430062733395249
2021_1155_1196,0.36
2021_1155_1199,0.36
2021_1155_1207,0.64
2021_1155_1210,0.36
2021_1155_1211,0.08785278748714664
2021_1155_1213,0.9166809951925847
2021_1155_1216,0.95
2021_1155_1222,0.19874432835005526
2021_1155_1228,0.17317694749061263
2021_1155_1233,0.95
2021_1155_1234,0.23345175768492848
2021_1155_1242,0.64
2021_1155_1251,0.9042365928644372
2021_1155_1260,0.36
2021_1155_1261,0.64
2021_1155_1268,0.64
2021_1155_1276,0.19959350073292653
2021_1155_1277,0.36
2021_1155_1281,0.36
2021_1155_1287,0.64
2021_1155_1291,0.95
2021_1155_1313,0.95
2021_1155_1314,0.36
2021_1155_1317,0.6700719051166941
2021_1155_1325,0.7068187188163799
2021_1155_1326,0.3145721425539728
2021_1155_1328,0.6613044408247539
2021_1155_1329,0.36
2021_1155_1331,0.95
2021_1155_1332,0.64
2021_1155_1333,0.36
2021_1155_1345,0.36
2021_1155_1353,0.64
2021_1155_1361,0.7059030602130122
2021_1155_1364,0.8990955901307576
2021_1155_1382,0.36
2021_1155_1393,0.7003776374588231
2021_1155_1397,0.36
2021_1155_1400,0.36
2021_1155_1403,0.36
2021_1155_1411,0.95
2021_1155_1417,0.64
2021_1155_1422,0.9076224554546211
2021_1155_1425,0.36
2021_1155_1429,0.8445129414167302
2021_1155_1433,0.64
2021_1155_1437,0.64
2021_1155_1438,0.64
2021_1155_1439,0.36
2021_1155_1452,0.36
2021_1155_1455,0.6616896848762912
2021_1155_1457,0.9167510993766326
2021_1155_1458,0.64
2021_1156_1159,0.3560426529984911
2021_1156_1160,0.05
2021_1156_1163,0.05
2021_1156_1166,0.05
2021_1156_1179,0.09454726670735016
2021_1156_1180,0.6804807871656696
2021_1156_1186,0.64
2021_1156_1196,0.05
2021_1156_1199,0.05
2021_1156_1207,0.05
2021_1156_1210,0.05
2021_1156_1211,0.05
2021_1156_1213,0.64
2021_1156_1216,0.7230236901053039
2021_1156_1222,0.05
2021_1156_1228,0.05
2021_1156_1233,0.6559771203610196
2021_1156_1234,0.05
2021_1156_1242,0.05
2021_1156_1251,0.36
2021_1156_1260,0.09236380223371367
2021_1156_1261,0.05
2021_1156_1268,0.05
2021_1156_1276,0.05
2021_1156_1277,0.8947658710305683
2021_1156_1281,0.05
2021_1156_1287,0.36
2021_1156_1291,0.8312328148793815
2021_1156_1313,0.8301183073045295
2021_1156_1314,0.05
2021_1156_1317,0.64
2021_1156_1325,0.08987060553848135
2021_1156_1326,0.64
2021_1156_1328,0.05
2021_1156_1329,0.05
2021_1156_1331,0.64
2021_1156_1332,0.05
2021_1156_1333,0.05302329388543794
2021_1156_1345,0.6686374889794936
2021_1156_1353,0.05
2021_1156_1361,0.05
2021_1156_1364,0.3155681632479434
2021_1156_1382,0.05
2021_1156_1393,0.05
2021_1156_1397,0.05
2021_1156_1400,0.05
2021_1156_1403,0.05
2021_1156_1411,0.8319057432672686
2021_1156_1417,0.05
2021_1156_1422,0.2944316498502791
2021_1156_1425,0.05
2021_1156_1429,0.06350850117630816
2021_1156_1433,0.05
2021_1156_1437,0.05
2021_1156_1438,0.05
2021_1156_1439,0.05
2021_1156_1452,0.05
2021_1156_1455,0.05
2021_1156_1457,0.36
2021_1156_1458,0.05
2021_1159_1160,0.2171337317587653
2021_1159_1163,0.16346979851002522
2021_1159_1166,0.12638794440599005
2021_1159_1179,0.36
2021_1159_1180,0.7842680707642776
2021_1159_1186,0.7603387547694738
2021_1159_1196,0.22371562689407956
2021_1159_1199,0.23331494202809422
2021_1159_1207,0.64
2021_1159_1210,0.2827079058520439
2021_1159_1211,0.05
2021_1159_1213,0.7632552768197212
2021_1159_1216,0.893146913162688
2021_1159_1222,0.06763731066611764
2021_1159_1228,0.23135323172464567
2021_1159_1233,0.8583468704868417
2021_1159_1234,0.23836342431251853
2021_1159_1242,0.64
2021_1159_1251,0.6973289631983536
2021_1159_1260,0.31377345267710033
2021_1159_1261,0.20746475724309557
2021_1159_1268,0.6976393931514042
2021_1159_1276,0.2295692034546744
2021_1159_1277,0.64
2021_1159_1281,0.6898292866269797
2021_1159_1287,0.64
2021_1159_1291,0.8481753536242305
2021_1159_1313,0.9281767944131742
2021_1159_1314,0.6886484942772952
2021_1159_1317,0.7861899444683297
2021_1159_1325,0.64
2021_1159_1326,0.64
2021_1159_1328,0.25205382668389364
2021_1159_1329,0.15250514918017918
2021_1159_1331,0.726398606428892
2021_1159_1332,0.14606446862221972
2021_1159_1333,0.64
2021_1159_1345,0.64
2021_1159_1353,0.2556345507033554
2021_1159_1361,0.14275404109835138
2021_1159_1364,0.36
2021_1159_1382,0.7025164759753109
2021_1159_1393,0.2558383676902992
2021_1159_1397,0.6886484942772952
2021_1159_1400,0.14293566692794163
2021_1159_1403,0.2250557056367562
2021_1159_1411,0.9215832867231736
2021_1159_1417,0.33301058419305096
2021_1159_1422,0.6686380880367235
2021_1159_1425,0.16704670350685047
2021_1159_1429,0.19154697133856294
2021_1159_1433,0.22003084116353705
2021_1159_1437,0.23321071842410981
2021_1159_1438,0.64
2021_1159_1439,0.64
2021_1159_1452,0.7348385317371146
2021_1159_1455,0.22299239481334734
2021_1159_1457,0.64
2021_1159_1458,0.36
2021_1160_1163,0.6443751631309061
2021_1160_1166,0.64
2021_1160_1179,0.36
2021_1160_1180,0.8305730572196866
2021_1160_1186,0.7579467237652606
2021_1160_1196,0.36
2021_1160_1199,0.36
2021_1160_1207,0.6702110114175234
2021_1160_1210,0.36
2021_1160_1211,0.10389942391272626
2021_1160_1213,0.7977248321263051
2021_1160_1216,0.9141974085776438
2021_1160_1222,0.23822097426700384
2021_1160_1228,0.14327080862657304
2021_1160_1233,0.8209913856125651
2021_1160_1234,0.3366147362571404
2021_1160_1242,0.64
2021_1160_1251,0.64
2021_1160_1260,0.64
2021_1160_1261,0.64
2021_1160_1268,0.36
2021_1160_1276,0.12471351363288845
2021_1160_1277,0.64
2021_1160_1281,0.64
2021_1160_1287,0.36
2021_1160_1291,0.7446097580880252
2021_1160_1313,0.8761960667518303
2021_1160_1314,0.64
2021_1160_1317,0.7560408859581528
2021_1160_1325,0.6984369115899112
2021_1160_1326,0.34186203665060627
2021_1160_1328,0.6838305443202528
2021_1160_1329,0.36
2021_1160_1331,0.7401267957462787
2021_1160_1332,0.36
2021_1160_1333,0.7132395340156277
2021_1160_1345,0.36
2021_1160_1353,0.36
2021_1160_1361,0.64
2021_1160_1364,0.9252852789376731
2021_1160_1382,0.36
2021_1160_1393,0.64
2021_1160_1397,0.64
2021_1160_1400,0.64
2021_1160_1403,0.64
2021_1160_1411,0.7752160983727742
2021_1160_1417,0.36
2021_1160_1422,0.6835591033860268
2021_1160_1425,0.64
2021_1160_1429,0.64
2021_1160_1433,0.64
2021_1160_1437,0.64
2021_1160_1438,0.36
2021_1160_1439,0.6872066038203445
2021_1160_1452,0.36
2021_1160_1455,0.64
2021_1160_1457,0.36
2021_1160_1458,0.6820070825318887
2021_1163_1166,0.64
2021_1163_1179,0.35312193416358534
2021_1163_1180,0.8783558211314922
2021_1163_1186,0.64
2021_1163_1196,0.64
2021_1163_1199,0.64
2021_1163_1207,0.64
2021_1163_1210,0.64
2021_1163_1211,0.14177228736804529
2021_1163_1213,0.95
2021_1163_1216,0.8962952065188907
2021_1163_1222,0.64
2021_1163_1228,0.11956446073552483
2021_1163_1233,0.7903390184215094
2021_1163_1234,0.2570259452747823
2021_1163_1242,0.64
2021_1163_1251,0.3019367757771325
2021_1163_1260,0.23525144433489942
2021_1163_1261,0.36
2021_1163_1268,0.64
2021_1163_1276,0.14317282398958742
2021_1163_1277,0.64
2021_1163_1281,0.64
2021_1163_1287,0.2840165367246211
2021_1163_1291,0.36
2021_1163_1313,0.8516517217236056
2021_1163_1314,0.36
2021_1163_1317,0.36
2021_1163_1325,0.64
2021_1163_1326,0.3518313301856212
2021_1163_1328,0.6436786210488488
2021_1163_1329,0.64
2021_1163_1331,0.36
2021_1163_1332,0.64
2021_1163_1333,0.36
2021_1163_1345,0.322569531981976
2021_1163_1353,0.64
2021_1163_1361,0.36
2021_1163_1364,0.902060182713853
2021_1163_1382,0.64
2021_1163_1393,0.36
2021_1163_1397,0.36
2021_1163_1400,0.36
2021_1163_1403,0.36
2021_1163_1411,0.95
2021_1163_1417,0.64
2021_1163_1422,0.7126213729649817
2021_1163_1425,0.36
2021_1163_1429,0.8178697481743831
2021_1163_1433,0.36
2021_1163_1437,0.36
2021_1163_1438,0.2913324735333244
2021_1163_1439,0.36
2021_1163_1452,0.36
2021_1163_1455,0.36
2021_1163_1457,0.64
2021_1163_1458,0.64
2021_1166_1179,0.36
2021_1166_1180,0.95
2021_1166_1186,0.95
2021_1166_1196,0.36
2021_1166_1199,0.36
2021_1166_1207,0.6958350704487988
2021_1166_1210,0.64
2021_1166_1211,0.23272391068586307
2021_1166_1213,0.95
2021_1166_1216,0.95
2021_1166_1222,0.36
2021_1166_1228,0.14971480557128417
2021_1166_1233,0.95
2021_1166_1234,0.64
2021_1166_1242,0.36
2021_1166_1251,0.64
2021_1166_1260,0.2714961774489958
2021_1166_1261,0.64
2021_1166_1268,0.690484323227286
2021_1166_1276,0.16039153939850853
2021_1166_1277,0.6584677417118592
2021_1166_1281,0.36
2021_1166_1287,0.26266147868314565
2021_1166_1291,0.95
2021_1166_1313,0.95
2021_1166_1314,0.36
2021_1166_1317,0.36
2021_1166_1325,0.36
2021_1166_1326,0.64
2021_1166_1328,0.36
2021_1166_1329,0.64
2021_1166_1331,0.95
2021_1166_1332,0.7133767887982044
2021_1166_1333,0.7066969519923032
2021_1166_1345,0.36
2021_1166_1353,0.36
2021_1166_1361,0.7463696405838018
2021_1166_1364,0.947440152509849
2021_1166_1382,0.64
2021_1166_1393,0.7051589961442829
2021_1166_1397,0.64
2021_1166_1400,0.64
2021_1166_1403,0.6728911717678715
2021_1166_1411,0.95
2021_1166_1417,0.6881613896028749
2021_1166_1422,0.698242814887434
2021_1166_1425,0.36
2021_1166_1429,0.8372636875967253
2021_1166_1433,0.653790745806428
2021_1166_1437,0.64
2021_1166_1438,0.36
2021_1166_1439,0.6473688769718684
2021_1166_1452,0.36
2021_1166_1455,0.7698679792324814
2021_1166_1457,0.64
2021_1166_1458,0.36
2021_1179_1180,0.9216330551571463
2021_1179_1186,0.8661867132810319
2021_1179_1196,0.3587781686467309
2021_1179_1199,0.19666506568418649
2021_1179_1207,0.6519840355273192
2021_1179_1210,0.64
2021_1179_1211,0.060594006550563316
2021_1179_1213,0.8875238476214516
2021_1179_1216,0.95
2021_1179_1222,0.2563827062245859
2021_1179_1228,0.6756578566971011
2021_1179_1233,0.95
2021_1179_1234,0.7506064040773234
2021_1179_1242,0.1646332214715967
2021_1179_1251,0.9120526182040494
2021_1179_1260,0.26535740644438277
2021_1179_1261,0.16262894573604347
2021_1179_1268,0.36
2021_1179_1276,0.64
2021_1179_1277,0.6903014466428583
2021_1179_1281,0.36
2021_1179_1287,0.36
2021_1179_1291,0.95
2021_1179_1313,0.95
2021_1179_1314,0.6834988526506893
2021_1179_1317,0.792063460419258
2021_1179_1325,0.7060744356348746
2021_1179_1326,0.7348385317371146
2021_1179_1328,0.6859220121828749
2021_1179_1329,0.2858557284940116
2021_1179_1331,0.907178259858646
2021_1179_1332,0.64
2021_1179_1333,0.31474628236741753
2021_1179_1345,0.7117419419194067
2021_1179_1353,0.2748205464017925
2021_1179_1361,0.36
2021_1179_1364,0.6971558453999014
2021_1179_1382,0.36
2021_1179_1393,0.6973591470765792
2021_1179_1397,0.36
2021_1179_1400,0.20651641317758188
2021_1179_1403,0.18595116296946881
2021_1179_1411,0.95
2021_1179_1417,0.36
2021_1179_1422,0.7898233366384317
2021_1179_1425,0.64
2021_1179_1429,0.64
2021_1179_1433,0.64
2021_1179_1437,0.1988699885876664
2021_1179_1438,0.130581261984247
2021_1179_1439,0.36
2021_1179_1452,0.6748546050247313
2021_1179_1455,0.64
2021_1179_1457,0.8733598375085737
2021_1179_1458,0.7435292999130496
2021_1180_1186,0.36
2021_1180_1196,0.05
2021_1180_1199,0.05
2021_1180_1207,0.36
2021_1180_1210,0.05
2021_1180_1211,0.05
2021_1180_1213,0.36
2021_1180_1216,0.64
2021_1180_1222,0.05
2021_1180_1228,0.05
2021_1180_1233,0.64
2021_1180_1234,0.05
2021_1180_1242,0.12721770574719277
2021_1180_1251,0.21651393752353187
2021_1180_1260,0.05
2021_1180_1261,0.05
2021_1180_1268,0.2900883410204127
2021_1180_1276,0.05
2021_1180_1277,0.2338209584276342
2021_1180_1281,0.19622219089123183
2021_1180_1287,0.2221006323768653
2021_1180_1291,0.7644558363653227
2021_1180_1313,0.7727545911068079
2021_1180_1314,0.2718683393555904
2021_1180_1317,0.14756811686592672
2021_1180_1325,0.11391138281166266
2021_1180_1326,0.11850330316448052
2021_1180_1328,0.056469185869798995
2021_1180_1329,0.05
2021_1180_1331,0.64
2021_1180_1332,0.05
2021_1180_1333,0.05178865258541274
2021_1180_1345,0.13330364875204806
2021_1180_1353,0.05
2021_1180_1361,0.05
2021_1180_1364,0.1667424898568405
2021_1180_1382,0.10846403077936095
2021_1180_1393,0.05
2021_1180_1397,0.1504242822683699
2021_1180_1400,0.05
2021_1180_1403,0.05
2021_1180_1411,0.8587172637983449
2021_1180_1417,0.05587688800690465
2021_1180_1422,0.22168257041263326
2021_1180_1425,0.05
2021_1180_1429,0.10593651083549109
2021_1180_1433,0.16870963308754702
2021_1180_1437,0.1561469821833346
2021_1180_1438,0.13850691316468527
2021_1180_1439,0.148337355193257
2021_1180_1452,0.20470716783423648
2021_1180_1455,0.05
2021_1180_1457,0.14147052508346794
2021_1180_1458,0.2673486763731555
2021_1186_1196,0.05
2021_1186_1199,0.05
2021_1186_1207,0.64
2021_1186_1210,0.05
2021_1186_1211,0.05
2021_1186_1213,0.3448220359983848
2021_1186_1216,0.36
2021_1186_1222,0.05
2021_1186_1228,0.19535464428856558
2021_1186_1233,0.64
2021_1186_1234,0.2827977500299807
2021_1186_1242,0.24705340311031307
2021_1186_1251,0.33375846427560396
2021_1186_1260,0.07467508802586913
2021_1186_1261,0.343719339614855
2021_1186_1268,0.64
2021_1186_1276,0.14904889451329228
2021_1186_1277,0.36
2021_1186_1281,0.36
2021_1186_1287,0.36
2021_1186_1291,0.7905286795573709
2021_1186_1313,0.36
2021_1186_1314,0.64
2021_1186_1317,0.3586317756759247
2021_1186_1325,0.25590677617457036
2021_1186_1326,0.16385234001594456
2021_1186_1328,0.057124404150324916
2021_1186_1329,0.05
2021_1186_1331,0.36
2021_1186_1332,0.05
2021_1186_1333,0.0976263926560612
2021_1186_1345,0.35625919918493015
2021_1186_1353,0.207439585107872
2021_1186_1361,0.05
2021_1186_1364,0.22752299872452292
2021_1186_1382,0.32624816485725167
2021_1186_1393,0.3024595327136765
2021_1186_1397,0.33494762141503914
2021_1186_1400,0.05
2021_1186_1403,0.05796966795897906
2021_1186_1411,0.8164881217947453
2021_1186_1417,0.05
2021_1186_1422,0.36
2021_1186_1425,0.05
2021_1186_1429,0.06972509416861285
2021_1186_1433,0.35231728985287125
2021_1186_1437,0.3547310473861417
2021_1186_1438,0.28602003413814675
2021_1186_1439,0.64
2021_1186_1452,0.64
2021_1186_1455,0.36
2021_1186_1457,0.2394801901849913
2021_1186_1458,0.36
2021_1196_1199,0.33755766950860044
2021_1196_1207,0.36
2021_1196_1210,0.64
2021_1196_1211,0.10015855255425235
2021_1196_1213,0.9204568249953472
2021_1196_1216,0.8572801208319759
2021_1196_1222,0.64
2021_1196_1228,0.15487617330724543
2021_1196_1233,0.7219579494972131
2021_1196_1234,0.199355765417512
2021_1196_1242,0.326802381445365
2021_1196_1251,0.64
2021_1196_1260,0.30227800425997137
2021_1196_1261,0.36
2021_1196_1268,0.6435550640096078
2021_1196_1276,0.12253642630470117
2021_1196_1277,0.64
2021_1196_1281,0.64
2021_1196_1287,0.27340260184287796
2021_1196_1291,0.8894637502169238
2021_1196_1313,0.8605744514395707
2021_1196_1314,0.64
2021_1196_1317,0.36
2021_1196_1325,0.64
2021_1196_1326,0.32505854376102866
2021_1196_1328,0.6629102967571912
2021_1196_1329,0.36
2021_1196_1331,0.36
2021_1196_1332,0.36
2021_1196_1333,0.36
2021_1196_1345,0.28628681478224205
2021_1196_1353,0.36
2021_1196_1361,0.6453280117137321
2021_1196_1364,0.8457687616376826
2021_1196_1382,0.3022842368234551
2021_1196_1393,0.64
2021_1196_1397,0.64
2021_1196_1400,0.36
2021_1196_1403,0.64
2021_1196_1411,0.95
2021_1196_1417,0.64
2021_1196_1422,0.64
2021_1196_1425,0.64
2021_1196_1429,0.8336287590594559
2021_1196_1433,0.64
2021_1196_1437,0.3297869455193855
2021_1196_1438,0.24012879109969346
2021_1196_1439,0.64
2021_1196_1452,0.64
2021_1196_1455,0.64
2021_1196_1457,0.64
2021_1196_1458,0.36
2021_1199_1207,0.6988993190383542
2021_1199_1210,0.36
2021_1199_1211,0.13818625122832212
2021_1199_1213,0.95
2021_1199_1216,0.95
2021_1199_1222,0.34474830942541046
2021_1199_1228,0.1502426186332694
2021_1199_1233,0.95
2021_1199_1234,0.64
2021_1199_1242,0.64
2021_1199_1251,0.7486450852073954
2021_1199_1260,0.36
2021_1199_1261,0.36
2021_1199_1268,0.6474826426650595
2021_1199_1276,0.18445054591333643
2021_1199_1277,0.64
2021_1199_1281,0.36
2021_1199_1287,0.309024466453463
2021_1199_1291,0.7805002858495318
2021_1199_1313,0.8936131372616984
2021_1199_1314,0.64
2021_1199_1317,0.743076371012141
2021_1199_1325,0.6975830914819312
2021_1199_1326,0.3503796927348889
2021_1199_1328,0.7116669193394015
2021_1199_1329,0.64
2021_1199_1331,0.95
2021_1199_1332,0.64
2021_1199_1333,0.7387025306268025
2021_1199_1345,0.36
2021_1199_1353,0.64
2021_1199_1361,0.7585695125933343
2021_1199_1364,0.9412216819178444
2021_1199_1382,0.64
2021_1199_1393,0.7050702846296374
2021_1199_1397,0.36
2021_1199_1400,0.36
2021_1199_1403,0.64
2021_1199_1411,0.95
2021_1199_1417,0.6899258511881481
2021_1199_1422,0.7933971267309547
2021_1199_1425,0.6514960585533763
2021_1199_1429,0.8239993030640309
2021_1199_1433,0.6450402967805114
2021_1199_1437,0.36
2021_1199_1438,0.36
2021_1199_1439,0.6620959652140951
2021_1199_1452,0.64
2021_1199_1455,0.36
2021_1199_1457,0.36
2021_1199_1458,0.36
2021_1207_1210,0.36
2021_1207_1211,0.11795656117351658
2021_1207_1213,0.9353681163219102
2021_1207_1216,0.95
2021_1207_1222,0.26123494801899144
2021_1207_1228,0.07224699782616029
2021_1207_1233,0.95
2021_1207_1234,0.16728048595282805
2021_1207_1242,0.24349096698674866
2021_1207_1251,0.64
2021_1207_1260,0.3540632300788275
2021_1207_1261,0.34202490252699347
2021_1207_1268,0.64
2021_1207_1276,0.09574286783000173
2021_1207_1277,0.64
2021_1207_1281,0.36
2021_1207_1287,0.17697407045020236
2021_1207_1291,0.95
2021_1207_1313,0.95
2021_1207_1314,0.27582433202081125
2021_1207_1317,0.36
2021_1207_1325,0.64
2021_1207_1326,0.17436585221887504
2021_1207_1328,0.36
2021_1207_1329,0.34037760077922674
2021_1207_1331,0.95
2021_1207_1332,0.36
2021_1207_1333,0.36
2021_1207_1345,0.22217025209742564
2021_1207_1353,0.25813349842649114
2021_1207_1361,0.649837995486528
2021_1207_1364,0.7823298342444814
2021_1207_1382,0.22885407004181937
2021_1207_1393,0.36
2021_1207_1397,0.25712696602929697
2021_1207_1400,0.34770546723819573
2021_1207_1403,0.36
2021_1207_1411,0.95
2021_1207_1417,0.36
2021_1207_1422,0.64
2021_1207_1425,0.3095675243587318
2021_1207_1429,0.719376475041679
2021_1207_1433,0.36
2021_1207_1437,0.33170851763428627
2021_1207_1438,0.16771802360761656
2021_1207_1439,0.64
2021_1207_1452,0.3013533957723536
2021_1207_1455,0.36
2021_1207_1457,0.3351141072272494
2021_1207_1458,0.27455368378317496
2021_1210_1211,0.14150764210727995
2021_1210_1213,0.95
2021_1210_1216,0.95
2021_1210_1222,0.36
2021_1210_1228,0.10117099153585075
2021_1210_1233,0.95
2021_1210_1234,0.2240043960492486
2021_1210_1242,0.34224990755923684
2021_1210_1251,0.36
2021_1210_1260,0.2615423232548414
2021_1210_1261,0.36
2021_1210_1268,0.6969100255966436
2021_1210_1276,0.09934714111419081
2021_1210_1277,0.64
2021_1210_1281,0.36
2021_1210_1287,0.30673896455991273
2021_1210_1291,0.6766878289050319
2021_1210_1313,0.8385015052334037
2021_1210_1314,0.64
2021_1210_1317,0.64
2021_1210_1325,0.36
2021_1210_1326,0.22678620365202434
2021_1210_1328,0.65030552890049
2021_1210_1329,0.64
2021_1210_1331,0.95
2021_1210_1332,0.64
2021_1210_1333,0.6602212102554966
2021_1210_1345,0.3367596166837429
2021_1210_1353,0.64
2021_1210_1361,0.36
2021_1210_1364,0.9459933336135242
2021_1210_1382,0.3347098537421912
2021_1210_1393,0.36
2021_1210_1397,0.64
2021_1210_1400,0.64
2021_1210_1403,0.36
2021_1210_1411,0.95
2021_1210_1417,0.64
2021_1210_1422,0.64
2021_1210_1425,0.36
2021_1210_1429,0.7949481170962109
2021_1210_1433,0.6700545662021224
2021_1210_1437,0.64
2021_1210_1438,0.29360276286585235
2021_1210_1439,0.64
2021_1210_1452,0.36
2021_1210_1455,0.64
2021_1210_1457,0.28396556614870855
2021_1210_1458,0.64
2021_1211_1213,0.95
2021_1211_1216,0.95
2021_1211_1222,0.7679562453299635
2021_1211_1228,0.7301433442958453
2021_1211_1233,0.95
2021_1211_1234,0.7620459091538614
2021_1211_1242,0.9010636258617815
2021_1211_1251,0.95
2021_1211_1260,0.9001171836951198
2021_1211_1261,0.9413917570044124
2021_1211_1268,0.95
2021_1211_1276,0.7481719931286374
2021_1211_1277,0.95
2021_1211_1281,0.95
2021_1211_1287,0.9221734097353976
2021_1211_1291,0.95
2021_1211_1313,0.95
2021_1211_1314,0.9275448865884215
2021_1211_1317,0.95
2021_1211_1325,0.95
2021_1211_1326,0.8684252316758659
2021_1211_1328,0.95
2021_1211_1329,0.9110415716221253
2021_1211_1331,0.9416161746611561
2021_1211_1332,0.8454253044939464
2021_1211_1333,0.95
2021_1211_1345,0.9330401182075514
2021_1211_1353,0.9361459158410215
2021_1211_1361,0.8631357165564604
2021_1211_1364,0.95
2021_1211_1382,0.912138216969079
2021_1211_1393,0.95
2021_1211_1397,0.9252577903030701
2021_1211_1400,0.9267601456656785
2021_1211_1403,0.9315873610091155
2021_1211_1411,0.890790053510354
2021_1211_1417,0.9468761610606408
2021_1211_1422,0.95
2021_1211_1425,0.851323859667639
2021_1211_1429,0.95
2021_1211_1433,0.95
2021_1211_1437,0.9275448865884215
2021_1211_1438,0.8937951533236055
2021_1211_1439,0.95
2021_1211_1452,0.9308733717443849
2021_1211_1455,0.95
2021_1211_1457,0.8574494777163222
2021_1211_1458,0.9458793071217342
2021_1213_1216,0.7229660522370507
2021_1213_1222,0.08742107207989801
2021_1213_1228,0.09689885516355755
2021_1213_1233,0.6649946807721067
2021_1213_1234,0.31823081045801194
2021_1213_1242,0.24520862761594586
2021_1213_1251,0.64
2021_1213_1260,0.0687737352312505
2021_1213_1261,0.33042991328589755
2021_1213_1268,0.64
2021_1213_1276,0.12114490881213692
2021_1213_1277,0.64
2021_1213_1281,0.36
2021_1213_1287,0.27251870371035397
2021_1213_1291,0.7872810482636127
2021_1213_1313,0.7157959497431645
2021_1213_1314,0.33125426682417575
2021_1213_1317,0.35506343462750756
2021_1213_1325,0.22470093414732487
2021_1213_1326,0.22646719109103589
2021_1213_1328,0.36
2021_1213_1329,0.32730111878704804
2021_1213_1331,0.64
2021_1213_1332,0.05
2021_1213_1333,0.36
2021_1213_1345,0.2874955221872237
2021_1213_1353,0.36
2021_1213_1361,0.057847426645606846
2021_1213_1364,0.2691457037632223
2021_1213_1382,0.2250582421417995
2021_1213_1393,0.3313128678411433
2021_1213_1397,0.339231547055546
2021_1213_1400,0.25730483964361084
2021_1213_1403,0.8358758157783289
2021_1213_1411,0.64
2021_1213_1417,0.34705854989083584
2021_1213_1422,0.36
2021_1213_1425,0.05061770209335563
2021_1213_1429,0.15212839465789074
2021_1213_1433,0.24456220084019784
2021_1213_1437,0.36
2021_1213_1438,0.36
2021_1213_1439,0.64
2021_1213_1452,0.36
2021_1213_1455,0.3140916803742565
2021_1213_1457,0.32506948414262277
2021_1213_1458,0.64
2021_1216_1222,0.05
2021_1216_1228,0.05
2021_1216_1233,0.64
2021_1216_1234,0.05
2021_1216_1242,0.15321941028823574
2021_1216_1251,0.1981562121319332
2021_1216_1260,0.05
2021_1216_1261,0.23340100345900514
2021_1216_1268,0.33095113080964306
2021_1216_1276,0.05
2021_1216_1277,0.36
2021_1216_1281,0.3102226563911538
2021_1216_1287,0.22730713963570184
2021_1216_1291,0.6830333283166439
2021_1216_1313,0.36
2021_1216_1314,0.2010244922925164
2021_1216_1317,0.36
2021_1216_1325,0.64
2021_1216_1326,0.07776222424219685
2021_1216_1328,0.326829283122969
2021_1216_1329,0.05
2021_1216_1331,0.64
2021_1216_1332,0.05
2021_1216_1333,0.05
2021_1216_1345,0.05471436015537992
2021_1216_1353,0.36
2021_1216_1361,0.05
2021_1216_1364,0.12152431800406205
2021_1216_1382,0.2850682058730568
2021_1216_1393,0.30302351005530753
2021_1216_1397,0.1777335444477063
2021_1216_1400,0.05
2021_1216_1403,0.05
2021_1216_1411,0.8079057530702146
2021_1216_1417,0.05
2021_1216_1422,0.2519647082082049
2021_1216_1425,0.05
2021_1216_1429,0.05
2021_1216_1433,0.2901958384860095
2021_1216_1437,0.0697490997535583
2021_1216_1438,0.09349207549785458
2021_1216_1439,0.36
2021_1216_1452,0.17723945282059203
2021_1216_1455,0.2840137864464154
2021_1216_1457,0.12704814321766644
2021_1216_1458,0.06449660103917759
2021_1222_1228,0.36
2021_1222_1233,0.9466360740198113
2021_1222_1234,0.7877018702866552
2021_1222_1242,0.64
2021_1222_1251,0.8618261945393704
2021_1222_1260,0.6492835492974236
2021_1222_1261,0.7459856081977743
2021_1222_1268,0.8415836675303794
2021_1222_1276,0.64
2021_1222_1277,0.8435791628718534
2021_1222_1281,0.8654595610757184
2021_1222_1287,0.882643473222901
2021_1222_1291,0.9030741985131676
2021_1222_1313,0.9395030099785935
2021_1222_1314,0.7623242006399508
2021_1222_1317,0.9370551474607651
2021_1222_1325,0.9049438097059003
2021_1222_1326,0.6529359646631793
2021_1222_1328,0.9158226138877574
2021_1222_1329,0.7345427877351014
2021_1222_1331,0.9159436527714031
2021_1222_1332,0.6685914476256807
2021_1222_1333,0.7634546430242997
2021_1222_1345,0.7141501924164794
2021_1222_1353,0.8160589399695601
2021_1222_1361,0.7199193015609602
2021_1222_1364,0.9028809301053342
2021_1222_1382,0.6988993190383542
2021_1222_1393,0.9085488541735643
2021_1222_1397,0.7180106535152164
2021_1222_1400,0.36
2021_1222_1403,0.7119705284825093
2021_1222_1411,0.95
2021_1222_1417,0.7538880612803577
2021_1222_1422,0.95
2021_1222_1425,0.36
2021_1222_1429,0.9054185125103281
2021_1222_1433,0.8463128146690413
2021_1222_1437,0.6921813379111769
2021_1222_1438,0.64
2021_1222_1439,0.876711360589982
2021_1222_1452,0.7500594552580484
2021_1222_1455,0.7397203708134619
2021_1222_1457,0.8018252790863113
2021_1222_1458,0.7835283209791856
2021_1228_1233,0.95
2021_1228_1234,0.36
2021_1228_1242,0.7534461372873406
2021_1228_1251,0.95
2021_1228_1260,0.9304844383931332
2021_1228_1261,0.7920295955991549
2021_1228_1268,0.8184978546847617
2021_1228_1276,0.36
2021_1228_1277,0.7851900891197451
2021_1228_1281,0.7388424265170228
2021_1228_1287,0.95
2021_1228_1291,0.95
2021_1228_1313,0.95
2021_1228_1314,0.7962196550971524
2021_1228_1317,0.95
2021_1228_1325,0.95
2021_1228_1326,0.6708070190686539
2021_1228_1328,0.92631877874975
2021_1228_1329,0.758808548397277
2021_1228_1331,0.95
2021_1228_1332,0.9029818823756546
2021_1228_1333,0.95
2021_1228_1345,0.7728148038667858
2021_1228_1353,0.752428564481621
2021_1228_1361,0.9385707779814448
2021_1228_1364,0.95
2021_1228_1382,0.7986491101350041
2021_1228_1393,0.9197840348257088
2021_1228_1397,0.7644693517335241
2021_1228_1400,0.7722176396679713
2021_1228_1403,0.8330129797754279
2021_1228_1411,0.95
2021_1228_1417,0.9306022824265264
2021_1228_1422,0.95
2021_1228_1425,0.8115897982305661
2021_1228_1429,0.95
2021_1228_1433,0.9382866963652147
2021_1228_1437,0.7655347621208445
2021_1228_1438,0.7460438731360252
2021_1228_1439,0.8751613115200897
2021_1228_1452,0.825764244095016
2021_1228_1455,0.946488875189259
2021_1228_1457,0.95
2021_1228_1458,0.7783877073079165
2021_1233_1234,0.05
2021_1233_1242,0.22357965762920093
2021_1233_1251,0.18832663750126613
2021_1233_1260,0.05
2021_1233_1261,0.35255924288610474
2021_1233_1268,0.35255924288610474
2021_1233_1276,0.05
2021_1233_1277,0.32699690700071515
2021_1233_1281,0.3299072332545226
2021_1233_1287,0.18029566624222965
2021_1233_1291,0.7104691120959737
2021_1233_1313,0.6421239590238126
2021_1233_1314,0.2673486763731555
2021_1233_1317,0.64
2021_1233_1325,0.36
2021_1233_1326,0.05818046017593183
2021_1233_1328,0.36
2021_1233_1329,0.05
2021_1233_1331,0.36
2021_1233_1332,0.05
2021_1233_1333,0.06813177004083709
2021_1233_1345,0.15668245806412287
2021_1233_1353,0.36
2021_1233_1361,0.05
2021_1233_1364,0.12097557649780528
2021_1233_1382,0.26317523066552956
2021_1233_1393,0.64
2021_1233_1397,0.36
2021_1233_1400,0.05
2021_1233_1403,0.05
2021_1233_1411,0.7376506230630393
2021_1233_1417,0.07943439391923225
2021_1233_1422,0.2380760985970244
2021_1233_1425,0.05
2021_1233_1429,0.1322216725281929
2021_1233_1433,0.33389756522699077
2021_1233_1437,0.14920594359748157
2021_1233_1438,0.18423380441722606
2021_1233_1439,0.64
2021_1233_1452,0.23871732017293268
2021_1233_1455,0.329197533112671
2021_1233_1457,0.16591428340717487
2021_1233_1458,0.19269574494398234
2021_1234_1242,0.7551925999026553
2021_1234_1251,0.95
2021_1234_1260,0.24402007508336565
2021_1234_1261,0.7380995386389783
2021_1234_1268,0.7607442476807456
2021_1234_1276,0.64
2021_1234_1277,0.7868016104285511
2021_1234_1281,0.7231428700486744
2021_1234_1287,0.7876308864188892
2021_1234_1291,0.95
2021_1234_1313,0.95
2021_1234_1314,0.8212693104516551
2021_1234_1317,0.36
2021_1234_1325,0.95
2021_1234_1326,0.36
2021_1234_1328,0.8475578249732452
2021_1234_1329,0.8330784633923372
2021_1234_1331,0.95
2021_1234_1332,0.8535705092323442
2021_1234_1333,0.8770535828891971
2021_1234_1345,0.6810584460804676
2021_1234_1353,0.690031905739703
2021_1234_1361,0.9306497294677327
2021_1234_1364,0.95
2021_1234_1382,0.8887638143314998
2021_1234_1393,0.8928794753727268
2021_1234_1397,0.7130475971711594
2021_1234_1400,0.7824782232096826
2021_1234_1403,0.8137449830309069
2021_1234_1411,0.95
2021_1234_1417,0.8671446745557123
2021_1234_1422,0.95
2021_1234_1425,0.8580839071907251
2021_1234_1429,0.95
2021_1234_1433,0.9125979015986216
2021_1234_1437,0.8027369469111205
2021_1234_1438,0.7461802053983467
2021_1234_1439,0.8885843943836299
2021_1234_1452,0.8594870185139928
2021_1234_1455,0.8717586730914619
2021_1234_1457,0.95
2021_1234_1458,0.7516426558589157
2021_1242_1251,0.9399133110063334
2021_1242_1260,0.3064965260002375
2021_1242_1261,0.64
2021_1242_1268,0.64
2021_1242_1276,0.23646518546153522
2021_1242_1277,0.36
2021_1242_1281,0.36
2021_1242_1287,0.22413744566953622
2021_1242_1291,0.95
2021_1242_1313,0.95
2021_1242_1314,0.64
2021_1242_1317,0.36
2021_1242_1325,0.36
2021_1242_1326,0.64
2021_1242_1328,0.6940413144256928
2021_1242_1329,0.64
2021_1242_1331,0.95
2021_1242_1332,0.36
2021_1242_1333,0.64
2021_1242_1345,0.36
2021_1242_1353,0.64
2021_1242_1361,0.7576434754678304
2021_1242_1364,0.9295205896466873
2021_1242_1382,0.64
2021_1242_1393,0.64
2021_1242_1397,0.36
2021_1242_1400,0.36
2021_1242_1403,0.64
2021_1242_1411,0.95
2021_1242_1417,0.6444391163169928
2021_1242_1422,0.9426574938047614
2021_1242_1425,0.64
2021_1242_1429,0.8599605070826721
2021_1242_1433,0.6675304222661654
2021_1242_1437,0.36
2021_1242_1438,0.64
2021_1242_1439,0.36
2021_1242_1452,0.36
2021_1242_1455,0.8133564729816738
2021_1242_1457,0.95
2021_1242_1458,0.6782123340023086
2021_1251_1260,0.23107140694417272
2021_1251_1261,0.06979491578061006
2021_1251_1268,0.0775483712306605
2021_1251_1276,0.1309605352203709
2021_1251_1277,0.64
2021_1251_1281,0.64
2021_1251_1287,0.26500503537178166
2021_1251_1291,0.8511977732935334
2021_1251_1313,0.7705827539670677
2021_1251_1314,0.64
2021_1251_1317,0.36
2021_1251_1325,0.6477169911735546
2021_1251_1326,0.28163067283273646
2021_1251_1328,0.08231363636007222
2021_1251_1329,0.05637506575554388
2021_1251_1331,0.36
2021_1251_1332,0.057686748350511435
2021_1251_1333,0.2084332146243633
2021_1251_1345,0.36
2021_1251_1353,0.07644947410444222
2021_1251_1361,0.06128640841525405
2021_1251_1364,0.30333215977275074
2021_1251_1382,0.64
2021_1251_1393,0.16229401396594467
2021_1251_1397,0.64
2021_1251_1400,0.08895307863662064
2021_1251_1403,0.060487674613072674
2021_1251_1411,0.8976476996155559
2021_1251_1417,0.08373677328449038
2021_1251_1422,0.3348177475327491
2021_1251_1425,0.06495288448773603
2021_1251_1429,0.10243007278277716
2021_1251_1433,0.07559396600842665
2021_1251_1437,0.09005019775692466
2021_1251_1438,0.07155019321219115
2021_1251_1439,0.36
2021_1251_1452,0.64
2021_1251_1455,0.1491602606075968
2021_1251_1457,0.36
2021_1251_1458,0.36
2021_1260_1261,0.18232721525358872
2021_1260_1268,0.25168331129425375
2021_1260_1276,0.08818637994739667
2021_1260_1277,0.64
2021_1260_1281,0.2695320143502228
2021_1260_1287,0.95
2021_1260_1291,0.95
2021_1260_1313,0.95
2021_1260_1314,0.22104394505712016
2021_1260_1317,0.7864168380909434
2021_1260_1325,0.7757449748256212
2021_1260_1326,0.19938879821070932
2021_1260_1328,0.36
2021_1260_1329,0.2549710495236209
2021_1260_1331,0.95
2021_1260_1332,0.36
2021_1260_1333,0.6631830621658377
2021_1260_1345,0.640263864002563
2021_1260_1353,0.18358557806203363
2021_1260_1361,0.36
2021_1260_1364,0.7622929671584616
2021_1260_1382,0.64
2021_1260_1393,0.64
2021_1260_1397,0.28491003523590447
2021_1260_1400,0.2928887067255138
2021_1260_1403,0.36
2021_1260_1411,0.95
2021_1260_1417,0.64
2021_1260_1422,0.7629810783245825
2021_1260_1425,0.64
2021_1260_1429,0.7020423789708622
2021_1260_1433,0.64
2021_1260_1437,0.30317084793514104
2021_1260_1438,0.3582157825008997
2021_1260_1439,0.64
2021_1260_1452,0.64
2021_1260_1455,0.6652050649110266
2021_1260_1457,0.9026489708742582
2021_1260_1458,0.15575726702115503
2021_1261_1268,0.64
2021_1261_1276,0.1841655396988597
2021_1261_1277,0.36
2021_1261_1281,0.36
2021_1261_1287,0.34431819548164394
2021_1261_1291,0.95
2021_1261_1313,0.95
2021_1261_1314,0.36
2021_1261_1317,0.64
2021_1261_1325,0.36
2021_1261_1326,0.2567543241831513
2021_1261_1328,0.64
2021_1261_1329,0.64
2021_1261_1331,0.95
2021_1261_1332,0.644953535150679
2021_1261_1333,0.64
2021_1261_1345,0.33711797135787674
2021_1261_1353,0.36
2021_1261_1361,0.36
2021_1261_1364,0.9468127482318471
2021_1261_1382,0.64
2021_1261_1393,0.64
2021_1261_1397,0.64
2021_1261_1400,0.36
2021_1261_1403,0.64
2021_1261_1411,0.95
2021_1261_1417,0.705158338562284
2021_1261_1422,0.7217372032058968
2021_1261_1425,0.64
2021_1261_1429,0.9233650779125842
2021_1261_1433,0.6685921557430604
2021_1261_1437,0.64
2021_1261_1438,0.31946576730201254
2021_1261_1439,0.36
2021_1261_1452,0.6518929640488098
2021_1261_1455,0.6535404763660093
2021_1261_1457,0.36
2021_1261_1458,0.64
2021_1268_1276,0.11350858520401694
2021_1268_1277,0.3178240713125844
2021_1268_1281,0.64
2021_1268_1287,0.36
2021_1268_1291,0.95
2021_1268_1313,0.95
2021_1268_1314,0.36
2021_1268_1317,0.36
2021_1268_1325,0.3567634053992244
2021_1268_1326,0.22267518163139263
2021_1268_1328,0.6563640122186166
2021_1268_1329,0.36
2021_1268_1331,0.95
2021_1268_1332,0.36
2021_1268_1333,0.64
2021_1268_1345,0.2775084157009701
2021_1268_1353,0.64
2021_1268_1361,0.7459831414568941
2021_1268_1364,0.95
2021_1268_1382,0.19228905162062707
2021_1268_1393,0.6503102654526213
2021_1268_1397,0.321420133548627
2021_1268_1400,0.64
2021_1268_1403,0.36
2021_1268_1411,0.95
2021_1268_1417,0.8098806181345425
2021_1268_1422,0.9448578259831479
2021_1268_1425,0.64
2021_1268_1429,0.8969317256198361
2021_1268_1433,0.8469179571864487
2021_1268_1437,0.36
2021_1268_1438,0.64
2021_1268_1439,0.36
2021_1268_1452,0.64
2021_1268_1455,0.7739984705297779
2021_1268_1457,0.9411951398425192
2021_1268_1458,0.36
2021_1276_1277,0.8977452447924867
2021_1276_1281,0.8211216549860755
2021_1276_1287,0.95
2021_1276_1291,0.95
2021_1276_1313,0.95
2021_1276_1314,0.7539750318057844
2021_1276_1317,0.9207234171173391
2021_1276_1325,0.95
2021_1276_1326,0.36
2021_1276_1328,0.8811490663812415
2021_1276_1329,0.7359774892305723
2021_1276_1331,0.95
2021_1276_1332,0.9122487457552615
2021_1276_1333,0.9287539456809735
2021_1276_1345,0.7808337898876793
2021_1276_1353,0.8089581545152155
2021_1276_1361,0.8886983206678974
2021_1276_1364,0.95
2021_1276_1382,0.8709818200535484
2021_1276_1393,0.9083106021028287
2021_1276_1397,0.714897207997858
2021_1276_1400,0.7812720593778527
2021_1276_1403,0.8160186452139592
2021_1276_1411,0.95
2021_1276_1417,0.8784772961017207
2021_1276_1422,0.95
2021_1276_1425,0.7955585016527569
2021_1276_1429,0.9464613786216054
2021_1276_1433,0.9471464675693245
2021_1276_1437,0.7567624421615359
2021_1276_1438,0.7316111152865531
2021_1276_1439,0.8907939364207212
2021_1276_1452,0.8514970472863806
2021_1276_1455,0.95
2021_1276_1457,0.95
2021_1276_1458,0.7334452151742822
2021_1277_1281,0.6566827322116058
2021_1277_1287,0.95
2021_1277_1291,0.95
2021_1277_1313,0.95
2021_1277_1314,0.36
2021_1277_1317,0.6807562924684737
2021_1277_1325,0.95
2021_1277_1326,0.64
2021_1277_1328,0.6863705134191961
2021_1277_1329,0.36
2021_1277_1331,0.95
2021_1277_1332,0.36
2021_1277_1333,0.7548888201367012
2021_1277_1345,0.3422109361515798
2021_1277_1353,0.64
2021_1277_1361,0.7470699439964845
2021_1277_1364,0.9264915559776193
2021_1277_1382,0.6739959747853853
2021_1277_1393,0.6661205979666286
2021_1277_1397,0.64
2021_1277_1400,0.36
2021_1277_1403,0.36
2021_1277_1411,0.95
2021_1277_1417,0.6783422870405227
2021_1277_1422,0.9326262821953424
2021_1277_1425,0.64
2021_1277_1429,0.8992597680398433
2021_1277_1433,0.7669920535805826
2021_1277_1437,0.36
2021_1277_1438,0.64
2021_1277_1439,0.7949697024614931
2021_1277_1452,0.36
2021_1277_1455,0.7905412725084834
2021_1277_1457,0.942937567261511
2021_1277_1458,0.36
2021_1281_1287,0.18861384356783067
2021_1281_1291,0.95
2021_1281_1313,0.95
2021_1281_1314,0.64
2021_1281_1317,0.64
2021_1281_1325,0.8909326203761677
2021_1281_1326,0.25465927633846464
2021_1281_1328,0.6977418856340558
2021_1281_1329,0.36
2021_1281_1331,0.95
2021_1281_1332,0.36
2021_1281_1333,0.64
2021_1281_1345,0.64
2021_1281_1353,0.64
2021_1281_1361,0.64
2021_1281_1364,0.9260159269795633
2021_1281_1382,0.64
2021_1281_1393,0.36
2021_1281_1397,0.64
2021_1281_1400,0.36
2021_1281_1403,0.64
2021_1281_1411,0.95
2021_1281_1417,0.64
2021_1281_1422,0.9032180039917692
2021_1281_1425,0.64
2021_1281_1429,0.8403750095850886
2021_1281_1433,0.64
2021_1281_1437,0.36
2021_1281_1438,0.36
2021_1281_1439,0.36
2021_1281_1452,0.36
2021_1281_1455,0.6698113439393931
2021_1281_1457,0.9286638248492717
2021_1281_1458,0.64
2021_1287_1291,0.8342247012654218
2021_1287_1313,0.7872681055968678
2021_1287_1314,0.05
2021_1287_1317,0.698447864404185
2021_1287_1325,0.1336820369248135
2021_1287_1326,0.679293691882583
2021_1287_1328,0.05
2021_1287_1329,0.05
2021_1287_1331,0.64
2021_1287_1332,0.05
2021_1287_1333,0.06978832092421333
2021_1287_1345,0.683135857852908
2021_1287_1353,0.05
2021_1287_1361,0.05
2021_1287_1364,0.2953026731938052
2021_1287_1382,0.05
2021_1287_1393,0.05
2021_1287_1397,0.05
2021_1287_1400,0.05
2021_1287_1403,0.05
2021_1287_1411,0.8731842975214787
2021_1287_1417,0.05
2021_1287_1422,0.3170599819055335
2021_1287_1425,0.05
2021_1287_1429,0.061035834867485025
2021_1287_1433,0.05
2021_1287_1437,0.05
2021_1287_1438,0.05
2021_1287_1439,0.05
2021_1287_1452,0.05
2021_1287_1455,0.09565922771053802
2021_1287_1457,0.36
2021_1287_1458,0.05
2021_1291_1313,0.3310958090777703
2021_1291_1314,0.07501946684087028
2021_1291_1317,0.28260408745937865
2021_1291_1325,0.36
2021_1291_1326,0.05
2021_1291_1328,0.05
2021_1291_1329,0.05
2021_1291_1331,0.20500009828441468
2021_1291_1332,0.05
2021_1291_1333,0.05
2021_1291_1345,0.05265386731524077
2021_1291_1353,0.05
2021_1291_1361,0.05
2021_1291_1364,0.05
2021_1291_1382,0.0963579351532545
2021_1291_1393,0.36
2021_1291_1397,0.1630226730961008
2021_1291_1400,0.05
2021_1291_1403,0.05
2021_1291_1411,0.7191858955102269
2021_1291_1417,0.05
2021_1291_1422,0.2076090381186075
2021_1291_1425,0.05
2021_1291_1429,0.05
2021_1291_1433,0.19381966568015946
2021_1291_1437,0.05
2021_1291_1438,0.05578932246524425
2021_1291_1439,0.23228150643081044
2021_1291_1452,0.08519694268697477
2021_1291_1455,0.33394934920370706
2021_1291_1457,0.10964867911970547
2021_1291_1458,0.12200634009966613
2021_1313_1314,0.15668245806412287
2021_1313_1317,0.64
2021_1313_1325,0.36
2021_1313_1326,0.05
2021_1313_1328,0.05
2021_1313_1329,0.05
2021_1313_1331,0.35470231638011646
2021_1313_1332,0.05
2021_1313_1333,0.05
2021_1313_1345,0.05
2021_1313_1353,0.3452572767021709
2021_1313_1361,0.05
2021_1313_1364,0.10460082662830562
2021_1313_1382,0.05818046017593183
2021_1313_1393,0.23463986753148522
2021_1313_1397,0.06106651984707669
2021_1313_1400,0.05
2021_1313_1403,0.05
2021_1313_1411,0.6459376752184599
2021_1313_1417,0.05
2021_1313_1422,0.27632439365639233
2021_1313_1425,0.05
2021_1313_1429,0.05
2021_1313_1433,0.19599649346640302
2021_1313_1437,0.05506651373492085
2021_1313_1438,0.05519080778877249
2021_1313_1439,0.21287499251050188
2021_1313_1452,0.1409443827005829
2021_1313_1455,0.25633931335492804
2021_1313_1457,0.08313066479462579
2021_1313_1458,0.05
2021_1314_1317,0.64
2021_1314_1325,0.8955111478504992
2021_1314_1326,0.2952070581263238
2021_1314_1328,0.36
2021_1314_1329,0.64
2021_1314_1331,0.95
2021_1314_1332,0.36
2021_1314_1333,0.36
2021_1314_1345,0.35931423384378486
2021_1314_1353,0.64
2021_1314_1361,0.7604562443846837
2021_1314_1364,0.936693434518704
2021_1314_1382,0.36
2021_1314_1393,0.64
2021_1314_1397,0.64
2021_1314_1400,0.36
2021_1314_1403,0.64
2021_1314_1411,0.95
2021_1314_1417,0.36
2021_1314_1422,0.9423426499094149
2021_1314_1425,0.36
2021_1314_1429,0.7939706467977111
2021_1314_1433,0.6479172607833513
2021_1314_1437,0.36
2021_1314_1438,0.32060922035012884
2021_1314_1439,0.36
2021_1314_1452,0.36
2021_1314_1455,0.6677580824214143
2021_1314_1457,0.9397573595114277
2021_1314_1458,0.6545395887690657
2021_1317_1325,0.36
2021_1317_1326,0.05
2021_1317_1328,0.21443359445120655
2021_1317_1329,0.10897600386113791
2021_1317_1331,0.8532469227012117
2021_1317_1332,0.24825280228297958
2021_1317_1333,0.64
2021_1317_1345,0.36
2021_1317_1353,0.05
2021_1317_1361,0.1825968227526529
2021_1317_1364,0.36
2021_1317_1382,0.2077300417324747
2021_1317_1393,0.25062638511897867
2021_1317_1397,0.0824823317079725
2021_1317_1400,0.09375145038058641
2021_1317_1403,0.06935299797615126
2021_1317_1411,0.95
2021_1317_1417,0.34466298602579365
2021_1317_1422,0.36
2021_1317_1425,0.146753854904786
2021_1317_1429,0.64
2021_1317_1433,0.33934329525144047
2021_1317_1437,0.08829226613420481
2021_1317_1438,0.09266361861075767
2021_1317_1439,0.27031558462452143
2021_1317_1452,0.12821839571467142
2021_1317_1455,0.27276350137401545
2021_1317_1457,0.7572097062509869
2021_1317_1458,0.06010299783199648
2021_1325_1326,0.7118140644881423
2021_1325_1328,0.2573778310270381
2021_1325_1329,0.1423798588058384
2021_1325_1331,0.8706379534531254
2021_1325_1332,0.2368837764929935
2021_1325_1333,0.3309393517841928
2021_1325_1345,0.36
2021_1325_1353,0.08678740780170045
2021_1325_1361,0.27236466439367174
2021_1325_1364,0.6457133705932057
2021_1325_1382,0.25700176032895145
2021_1325_1393,0.2914290666785472
2021_1325_1397,0.2415701913202304
2021_1325_1400,0.11953460046712577
2021_1325_1403,0.09008828593847432
2021_1325_1411,0.95
2021_1325_1417,0.276219795060883
2021_1325_1422,0.64
2021_1325_1425,0.1697402975266206
2021_1325_1429,0.36
2021_1325_1433,0.34107807935441375
2021_1325_1437,0.12831009754498746
2021_1325_1438,0.09625193061879544
2021_1325_1439,0.64
2021_1325_1452,0.36
2021_1325_1455,0.3338343420521042
2021_1325_1457,0.8228024117391817
2021_1325_1458,0.6705948201393335
2021_1326_1328,0.8039407707341553
2021_1326_1329,0.7363346814871122
2021_1326_1331,0.95
2021_1326_1332,0.8918807940057323
2021_1326_1333,0.8551002955063257
2021_1326_1345,0.64
2021_1326_1353,0.6796676627325905
2021_1326_1361,0.9288449715356791
2021_1326_1364,0.95
2021_1326_1382,0.8373280596561693
2021_1326_1393,0.8657053686574787
2021_1326_1397,0.64
2021_1326_1400,0.8075124347394154
2021_1326_1403,0.7665087606923965
2021_1326_1411,0.95
2021_1326_1417,0.8609833628923286
2021_1326_1422,0.95
2021_1326_1425,0.7298309965453269
2021_1326_1429,0.9468026663708823
2021_1326_1433,0.8945289302793695
2021_1326_1437,0.7032034824519738
2021_1326_1438,0.36
2021_1326_1439,0.8567939159448047
2021_1326_1452,0.8371665681685075
2021_1326_1455,0.8432248376293724
2021_1326_1457,0.95
2021_1326_1458,0.64
2021_1328_1329,0.64
2021_1328_1331,0.95
2021_1328_1332,0.3374415326241683
2021_1328_1333,0.36
2021_1328_1345,0.21256022911233402
2021_1328_1353,0.36
2021_1328_1361,0.64
2021_1328_1364,0.9086987115401283
2021_1328_1382,0.3129744894185945
2021_1328_1393,0.36
2021_1328_1397,0.2900373029294533
2021_1328_1400,0.3197430975980813
2021_1328_1403,0.36
2021_1328_1411,0.95
2021_1328_1417,0.64
2021_1328_1422,0.64
2021_1328_1425,0.36
2021_1328_1429,0.7449862102819448
2021_1328_1433,0.36
2021_1328_1437,0.21550275988397136
2021_1328_1438,0.18749334820727573
2021_1328_1439,0.3425380096718513
2021_1328_1452,0.64
2021_1328_1455,0.3432656641735203
2021_1328_1457,0.26766463131984686
2021_1328_1458,0.26906666332164914
2021_1329_1331,0.64
2021_1329_1332,0.64
2021_1329_1333,0.6810063797128929
2021_1329_1345,0.36
2021_1329_1353,0.6827480575871359
2021_1329_1361,0.669428920620733
2021_1329_1364,0.9393460775050856
2021_1329_1382,0.36
2021_1329_1393,0.36
2021_1329_1397,0.64
2021_1329_1400,0.36
2021_1329_1403,0.6452822830568871
2021_1329_1411,0.95
2021_1329_1417,0.6971214488440587
2021_1329_1422,0.36
2021_1329_1425,0.36
2021_1329_1429,0.36
2021_1329_1433,0.64
2021_1329_1437,0.64
2021_1329_1438,0.64
2021_1329_1439,0.64
2021_1329_1452,0.36
2021_1329_1455,0.36
2021_1329_1457,0.64
2021_1329_1458,0.64
2021_1331_1332,0.05
2021_1331_1333,0.05
2021_1331_1345,0.3554536091518101
2021_1331_1353,0.36
2021_1331_1361,0.051490603825545746
2021_1331_1364,0.19026155736585063
2021_1331_1382,0.09267272835874912
2021_1331_1393,0.36
2021_1331_1397,0.2789207321883187
2021_1331_1400,0.05
2021_1331_1403,0.05
2021_1331_1411,0.9004816951617225
2021_1331_1417,0.05
2021_1331_1422,0.32284331318138065
2021_1331_1425,0.05
2021_1331_1429,0.08977365419987485
2021_1331_1433,0.225183590665486
2021_1331_1437,0.34921553217938317
2021_1331_1438,0.21081614183407593
2021_1331_1439,0.22568993111270735
2021_1331_1452,0.3495043421678119
2021_1331_1455,0.17394611062464005
2021_1331_1457,0.195236807540672
2021_1331_1458,0.36
2021_1332_1333,0.7375894702357587
2021_1332_1345,0.64
2021_1332_1353,0.6981932278935163
2021_1332_1361,0.36
2021_1332_1364,0.31014301887358525
2021_1332_1382,0.36
2021_1332_1393,0.6969950292223065
2021_1332_1397,0.64
2021_1332_1400,0.64
2021_1332_1403,0.6748181636182631
2021_1332_1411,0.7750196501012588
2021_1332_1417,0.36
2021_1332_1422,0.6602317174071085
2021_1332_1425,0.64
2021_1332_1429,0.36
2021_1332_1433,0.64
2021_1332_1437,0.64
2021_1332_1438,0.64
2021_1332_1439,0.36
2021_1332_1452,0.64
2021_1332_1455,0.64
2021_1332_1457,0.36
2021_1332_1458,0.64
2021_1333_1345,0.1479892173532911
2021_1333_1353,0.3008975852822613
2021_1333_1361,0.36
2021_1333_1364,0.8732704658204711
2021_1333_1382,0.16662497162373655
2021_1333_1393,0.36
2021_1333_1397,0.19038767077786808
2021_1333_1400,0.20484255355244205
2021_1333_1403,0.19751427323741236
2021_1333_1411,0.64
2021_1333_1417,0.36
2021_1333_1422,0.64
2021_1333_1425,0.64
2021_1333_1429,0.36
2021_1333_1433,0.64
2021_1333_1437,0.15146307966677008
2021_1333_1438,0.12639115881245075
2021_1333_1439,0.28616709702760046
2021_1333_1452,0.21036091772791568
2021_1333_1455,0.36
2021_1333_1457,0.64
2021_1333_1458,0.14074373131120949
2021_1345_1353,0.36
2021_1345_1361,0.9001045409955426
2021_1345_1364,0.95
2021_1345_1382,0.7655788779121931
2021_1345_1393,0.7584737267579863
2021_1345_1397,0.64
2021_1345_1400,0.36
2021_1345_1403,0.36
2021_1345_1411,0.95
2021_1345_1417,0.8140060831713027
2021_1345_1422,0.9485107194195345
2021_1345_1425,0.7117878019515231
2021_1345_1429,0.9336798666463667
2021_1345_1433,0.8703023729657632
2021_1345_1437,0.6596167396734106
2021_1345_1438,0.36
2021_1345_1439,0.839790697865854
2021_1345_1452,0.7217867234080144
2021_1345_1455,0.8468792123529463
2021_1345_1457,0.95
2021_1345_1458,0.64
2021_1353_1361,0.7813305678993988
2021_1353_1364,0.9468157449409353
2021_1353_1382,0.3021384458376016
2021_1353_1393,0.36
2021_1353_1397,0.64
2021_1353_1400,0.64
2021_1353_1403,0.7099969416125119
2021_1353_1411,0.95
2021_1353_1417,0.7402345048689348
2021_1353_1422,0.64
2021_1353_1425,0.6691063757836583
2021_1353_1429,0.9328660349077873
2021_1353_1433,0.3522086212100128
2021_1353_1437,0.36
2021_1353_1438,0.2597014875455037
2021_1353_1439,0.36
2021_1353_1452,0.64
2021_1353_1455,0.26859147352489365
2021_1353_1457,0.21265992360849334
2021_1353_1458,0.64
2021_1361_1364,0.7801129640894421
2021_1361_1382,0.64
2021_1361_1393,0.7568602682666986
2021_1361_1397,0.36
2021_1361_1400,0.36
2021_1361_1403,0.8305544764450555
2021_1361_1411,0.8962952065188907
2021_1361_1417,0.36
2021_1361_1422,0.8283326045449515
2021_1361_1425,0.64
2021_1361_1429,0.7445730034296291
2021_1361_1433,0.64
2021_1361_1437,0.36
2021_1361_1438,0.36
2021_1361_1439,0.67159282947814
2021_1361_1452,0.64
2021_1361_1455,0.64
2021_1361_1457,0.7799720435978003
2021_1361_1458,0.8158407621484363
2021_1364_1382,0.27303060010031127
2021_1364_1393,0.682671251158805
2021_1364_1397,0.64
2021_1364_1400,0.7730825568330644
2021_1364_1403,0.7125406509849742
2021_1364_1411,0.7436890106686342
2021_1364_1417,0.64
2021_1364_1422,0.6535167809098771
2021_1364_1425,0.6879657951779528
2021_1364_1429,0.64
2021_1364_1433,0.64
2021_1364_1437,0.6711793441932332
2021_1364_1438,0.64
2021_1364_1439,0.6661069150102662
2021_1364_1452,0.8155739884369738
2021_1364_1455,0.64
2021_1364_1457,0.64
2021_1364_1458,0.7927571677032734
2021_1382_1393,0.64
2021_1382_1397,0.36
2021_1382_1400,0.64
2021_1382_1403,0.36
2021_1382_1411,0.95
2021_1382_1417,0.36
2021_1382_1422,0.9138366564547679
2021_1382_1425,0.36
2021_1382_1429,0.6725454379899846
2021_1382_1433,0.36
2021_1382_1437,0.64
2021_1382_1438,0.64
2021_1382_1439,0.36
2021_1382_1452,0.36
2021_1382_1455,0.64
2021_1382_1457,0.95
2021_1382_1458,0.8097106968186243
2021_1393_1397,0.3390477785428837
2021_1393_1400,0.36
2021_1393_1403,0.36
2021_1393_1411,0.95
2021_1393_1417,0.64
2021_1393_1422,0.36
2021_1393_1425,0.3392120487881678
2021_1393_1429,0.747819816673221
2021_1393_1433,0.64
2021_1393_1437,0.3029648888257851
2021_1393_1438,0.21187726462409584
2021_1393_1439,0.64
2021_1393_1452,0.64
2021_1393_1455,0.64
2021_1393_1457,0.3281946925033927
2021_1393_1458,0.64
2021_1397_1400,0.36
2021_1397_1403,0.36
2021_1397_1411,0.95
2021_1397_1417,0.6689783388459032
2021_1397_1422,0.95
2021_1397_1425,0.650118226742664
2021_1397_1429,0.8387082524195376
2021_1397_1433,0.7517642728864364
2021_1397_1437,0.36
2021_1397_1438,0.36
2021_1397_1439,0.64
2021_1397_1452,0.36
2021_1397_1455,0.7411827118907804
2021_1397_1457,0.95
2021_1397_1458,0.64
2021_1400_1403,0.7799096085802261
2021_1400_1411,0.8638837151234993
2021_1400_1417,0.36
2021_1400_1422,0.6933344890799759
2021_1400_1425,0.64
2021_1400_1429,0.36
2021_1400_1433,0.36
2021_1400_1437,0.36
2021_1400_1438,0.36
2021_1400_1439,0.64
2021_1400_1452,0.64
2021_1400_1455,0.36
2021_1400_1457,0.6549047493113876
2021_1400_1458,0.653552620997503
2021_1403_1411,0.7876308864188892
2021_1403_1417,0.64
2021_1403_1422,0.64
2021_1403_1425,0.64
2021_1403_1429,0.304249727663279
2021_1403_1433,0.36
2021_1403_1437,0.32786139577043777
2021_1403_1438,0.25357014641506187
2021_1403_1439,0.64
2021_1403_1452,0.36
2021_1403_1455,0.36
2021_1403_1457,0.36
2021_1403_1458,0.64
2021_1411_1417,0.05
2021_1411_1422,0.8008810647929854
2021_1411_1425,0.05
2021_1411_1429,0.35846267980519725
2021_1411_1433,0.6400633476155405
2021_1411_1437,0.05
2021_1411_1438,0.05
2021_1411_1439,0.64
2021_1411_1452,0.07141084148933506
2021_1411_1455,0.18941849164511748
2021_1411_1457,0.16737970198937027
2021_1411_1458,0.05
2021_1417_1422,0.6596544925619605
2021_1417_1425,0.357405371777949
2021_1417_1429,0.64
2021_1417_1433,0.36
2021_1417_1437,0.34090128719786716
2021_1417_1438,0.22015029220053148
2021_1417_1439,0.64
2021_1417_1452,0.64
2021_1417_1455,0.36
2021_1417_1457,0.36
2021_1417_1458,0.64
2021_1422_1425,0.19029323065044257
2021_1422_1429,0.64
2021_1422_1433,0.26196056667415807
2021_1422_1437,0.1430847438146734
2021_1422_1438,0.07201970512193466
2021_1422_1439,0.28157050282189205
2021_1422_1452,0.7166771797854141
2021_1422_1455,0.24220933537074918
2021_1422_1457,0.7393895091754779
2021_1422_1458,0.36
2021_1425_1429,0.36
2021_1425_1433,0.7260411245780882
2021_1425_1437,0.64
2021_1425_1438,0.36
2021_1425_1439,0.6947413987409108
2021_1425_1452,0.36
2021_1425_1455,0.64
2021_1425_1457,0.6647484607929974
2021_1425_1458,0.7194984752258564
2021_1429_1433,0.64
2021_1429_1437,0.33575297453487435
2021_1429_1438,0.21753275315143897
2021_1429_1439,0.36
2021_1429_1452,0.64
2021_1429_1455,0.30660453277919814
2021_1429_1457,0.64
2021_1429_1458,0.36
2021_1433_1437,0.3328610430476696
2021_1433_1438,0.25522435228466195
2021_1433_1439,0.36
2021_1433_1452,0.36
2021_1433_1455,0.36
2021_1433_1457,0.36
2021_1433_1458,0.64
2021_1437_1438,0.3431691608567987
2021_1437_1439,0.6863098598138874
2021_1437_1452,0.64
2021_1437_1455,0.7181612637106187
2021_1437_1457,0.7054787675759951
2021_1437_1458,0.7161516048444487
2021_1438_1439,0.6930213603723874
2021_1438_1452,0.6415977315223588
2021_1438_1455,0.8367516846194123
2021_1438_1457,0.95
2021_1438_1458,0.7585671841995328
2021_1439_1452,0.36
2021_1439_1455,0.6449613491916634
2021_1439_1457,0.9456281754660378
2021_1439_1458,0.64
2021_1452_1455,0.64
2021_1452_1457,0.9232659495333236
2021_1452_1458,0.64
2021_1455_1457,0.36
2021_1455_1458,0.3432352654752529
2021_1457_1458,0.7212330679825637
